date,GDP,GDP Var,consumption,investment,unemployment,inflation,fedfunds
1954-12-31,2936.852,7.752247254047617,1761.703,295.882,5.333333333333333,1.0888364273480278,0.9866666666666667
1955-03-31,3020.746,11.26622454366668,1801.231,325.442,4.733333333333333,1.8764235832433585,1.3433333333333335
1955-06-30,3069.91,6.457769783411749,1835.737,345.235,4.3999999999999995,1.63468081262792,1.5
1955-09-30,3111.379,5.367116426544527,1858.411,350.533,4.1000000000000005,2.7868608267464623,1.9400000000000002
1955-12-31,3130.068,2.395477312342109,1881.748,358.661,4.233333333333333,3.94375473452353,2.356666666666667
1956-03-31,3117.922,-1.5551901075724572,1884.805,348.42,4.033333333333333,3.990342341111841,2.4833333333333334
1956-06-30,3143.694,3.292714919690809,1891.074,345.678,4.2,2.3470428937116594,2.6933333333333334
1956-09-30,3140.874,-0.35897457890712303,1895.35,342.583,4.133333333333334,4.9874560405617885,2.81
1956-12-31,3192.57,6.530051974174711,1921.479,339.406,4.133333333333334,1.6117848680481828,2.9266666666666663
1957-03-31,3213.011,2.5529074581463362,1934.843,334.137,3.9333333333333336,5.453878733571038,2.9333333333333336
1957-06-30,3205.97,-0.8775228122850365,1938.216,333.798,4.1000000000000005,2.7808181791883158,3.0
1957-09-30,3237.386,3.9006069446671177,1953.532,341.451,4.233333333333333,2.3837004246255233,3.233333333333334
1957-12-31,3203.894,-4.159707614832797,1954.346,315.195,4.933333333333334,0.2699784119769788,3.2533333333333334
1958-03-31,3120.724,-10.520767531873787,1927.309,293.932,6.3,4.321754620365326,1.8633333333333333
1958-06-30,3141.224,2.6190026791574894,1943.243,288.01,7.366666666666667,1.1463999582320028,0.9400000000000001
1958-09-30,3213.884,9.147056674122922,1975.484,310.114,7.333333333333333,2.4417831781198274,1.3233333333333335
1958-12-31,3289.032,9.245248797485317,2002.318,336.555,6.366666666666667,1.9006173157244177,2.1633333333333336
1959-03-31,3352.129,7.600947922231427,2039.017,354.894,5.833333333333333,0.9206593351866132,2.57
1959-06-30,3427.667,8.913675384248876,2070.508,382.5,5.1000000000000005,0.6300867671990673,3.0833333333333335
1959-09-30,3430.057,0.278809715499051,2092.138,357.798,5.266666666666667,1.5447572790895592,3.5766666666666667
1959-12-31,3439.832,1.1383015471430724,2094.495,369.442,5.6000000000000005,1.5648451854501033,3.99
1960-03-31,3517.181,8.894873400141279,2114.532,406.581,5.133333333333334,1.5846749091144474,3.9333333333333336
1960-06-30,3498.246,-2.1592465838430996,2141.205,368.686,5.233333333333333,1.0098726840086059,3.6966666666666668
1960-09-30,3515.385,1.9549399294533032,2132.646,367.749,5.533333333333334,1.3683170796278787,2.936666666666667
1960-12-31,3470.278,-5.165737529728887,2135.408,327.01,6.266666666666666,1.1838135128495963,2.296666666666667
1961-03-31,3493.703,2.6909996853525797,2134.615,335.496,6.8,0.8727462873178382,2.0033333333333334
1961-06-30,3553.021,6.7344089130905616,2166.382,359.004,7.0,0.9220134700868243,1.7333333333333334
1961-09-30,3621.252,7.608637950862374,2176.916,386.914,6.766666666666667,1.0219729626706808,1.6833333333333333
1961-12-31,3692.289,7.770707414716327,2220.704,393.316,6.2,1.2483688996477227,2.4
1962-03-31,3758.147,7.071770337623207,2244.227,414.522,5.633333333333333,2.055124878511627,2.4566666666666666
1962-06-30,3792.149,3.602744036864891,2271.817,411.253,5.533333333333334,0.6574374069925781,2.606666666666667
1962-09-30,3838.776,4.888275567318345,2290.126,418.241,5.566666666666666,0.8328866939576685,2.8466666666666662
1962-12-31,3851.421,1.315442129373423,2322.53,406.004,5.533333333333334,0.8311560463047485,2.9233333333333333
1963-03-31,3893.482,4.3446807291850575,2338.799,427.366,5.766666666666667,1.732310882657373,2.966666666666667
1963-06-30,3937.183,4.464648015941464,2360.869,434.164,5.733333333333333,0.7008324175668434,2.9633333333333334
1963-09-30,4023.755,8.70002131109402,2392.896,447.531,5.5,0.5248196685533557,3.33
1963-12-31,4050.147,2.615052201603163,2412.836,452.965,5.566666666666666,3.2336473599835713,3.453333333333333
1964-03-31,4135.553,8.347151669722308,2460.191,469.918,5.466666666666666,1.2614795725744088,3.4633333333333334
1964-06-30,4180.592,4.332722948976198,2503.709,468.225,5.2,0.9127073738897096,3.49
1964-09-30,4245.918,6.202074999144003,2549.958,479.154,5.0,1.5983791594047503,3.456666666666667
1964-12-31,4259.046,1.2348562958102605,2557.236,483.706,4.966666666666666,1.8119521679437867,3.5766666666666667
1965-03-31,4362.111,9.564369183250676,2614.265,529.824,4.8999999999999995,1.9982982951791683,3.9766666666666666
1965-06-30,4417.225,5.022222548175392,2643.097,531.216,4.666666666666667,1.8432094702287571,4.079999999999999
1965-09-30,4515.427,8.79523406872309,2688.512,549.712,4.366666666666667,1.5456156404251686,4.076666666666667
1965-12-31,4619.458,9.111050461486059,2764.094,553.352,4.1000000000000005,2.7384204960272385,4.166666666666667
1966-03-31,4731.888,9.61875800108487,2804.899,597.563,3.8666666666666667,2.553327089035662,4.56
1966-06-30,4748.046,1.363555117326598,2812.086,588.717,3.8333333333333335,3.269192020647438,4.913333333333333
1966-09-30,4788.254,3.373068235302412,2844.198,584.373,3.766666666666667,3.850698909281647,5.41
1966-12-31,4827.537,3.2682256540745414,2856.047,587.798,3.6999999999999997,3.3276319780537023,5.5633333333333335
1967-03-31,4870.299,3.527572719993799,2872.504,573.373,3.8333333333333335,1.6650310218484066,4.823333333333333
1967-06-30,4873.287,0.24533062826463947,2911.776,552.629,3.8333333333333335,2.025670439539695,3.9899999999999998
1967-09-30,4919.392,3.7665150191052987,2926.685,568.833,3.7999999999999994,3.8161905042164435,3.893333333333333
1967-12-31,4956.477,3.004104190667789,2944.594,581.104,3.9,4.432930137332747,4.173333333333333
1968-03-31,5057.553,8.075025352778908,3015.162,592.754,3.733333333333333,4.4065872750421065,4.79
1968-06-30,5142.033,6.626302827451269,3061.075,615.427,3.5666666666666664,4.204508726967582,5.983333333333333
1968-09-30,5181.859,3.086138255497417,3118.445,598.643,3.533333333333333,3.899264174358663,5.946666666666666
1968-12-31,5202.212,1.568019021696898,3132.511,605.155,3.4,5.6066074693969625,5.916666666666667
1969-03-31,5283.597,6.209278408137919,3167.245,640.79,3.4,4.106109623837995,6.566666666666666
1969-06-30,5299.625,1.2115790260551762,3187.677,637.015,3.4333333333333336,5.053054855854278,8.326666666666666
1969-09-30,5334.6,2.631136814059687,3203.218,649.948,3.5666666666666664,5.591286991256084,8.983333333333333
1969-12-31,5308.556,-1.9576187351304952,3228.82,618.565,3.5666666666666664,5.125768105087758,8.94
1970-03-31,5300.652,-0.5960106701543566,3248.853,600.116,4.166666666666667,5.605860006596153,8.573333333333332
1970-06-30,5308.164,0.5664723569900332,3263.571,601.421,4.766666666666667,5.528380438975766,7.886666666666667
1970-09-30,5357.077,3.6689911039523793,3292.183,611.208,5.166666666666667,3.2688822622912284,6.706666666666667
1970-12-31,5299.672,-4.30942346463965,3283.245,578.757,5.833333333333333,5.253174928391502,5.566666666666666
1971-03-31,5443.619,10.719666073861589,3346.268,646.232,5.933333333333334,6.029973591769178,3.856666666666667
1971-06-30,5473.059,2.1574381048573343,3377.022,664.569,5.900000000000001,5.221608212655582,4.566666666666666
1971-09-30,5518.072,3.2763326473940424,3403.947,672.632,6.033333333333334,4.050047550510172,5.476666666666667
1971-12-31,5531.032,0.9383570608775926,3460.427,654.519,5.933333333333334,3.3223092396841736,4.75
1972-03-31,5632.649,7.282172009495014,3506.098,697.648,5.766666666666667,6.050659551128135,3.546666666666667
1972-06-30,5760.47,8.975688803752035,3572.842,737.276,5.7,2.482212747414003,4.3
1972-09-30,5814.854,3.758643829450392,3627.904,747.745,5.566666666666666,3.8028264153732394,4.743333333333333
1972-12-31,5912.22,6.642286891205629,3713.038,752.434,5.366666666666667,5.068232833727393,5.1466666666666665
1973-03-31,6058.544,9.779244713601543,3780.829,796.53,4.933333333333334,4.582802876821823,6.536666666666666
1973-06-30,6124.506,4.33143717205553,3779.125,830.483,4.933333333333334,6.110720735190256,7.816666666666666
1973-09-30,6092.301,-2.108902897416698,3792.426,800.37,4.8,7.7049206641540025,10.56
1973-12-31,6150.131,3.779015812473574,3781.115,828.879,4.766666666666667,7.89272330966444,9.996666666666666
1974-03-31,6097.258,-3.4536881924509544,3747.286,781.544,5.133333333333333,7.478396154602862,9.323333333333332
1974-06-30,6111.751,0.9496598328389894,3760.779,778.425,5.2,9.343348907253635,11.25
1974-09-30,6053.978,-3.7990939494555676,3776.934,738.08,5.633333333333333,11.5589493270571,12.089999999999998
1974-12-31,6030.464,-1.556648105128744,3721.726,742.56,6.6000000000000005,11.596345249408202,9.346666666666666
1975-03-31,5957.035,-4.900432919654918,3752.942,622.949,8.266666666666666,8.99081777910773,6.303333333333334
1975-06-30,5999.61,2.8486372182065622,3814.672,604.403,8.866666666666667,5.898063430866962,5.419999999999999
1975-09-30,6102.326,6.790217143386457,3868.889,651.26,8.466666666666667,6.99902649210955,6.16
1975-12-31,6184.53,5.352401073600532,3910.492,669.438,8.299999999999999,6.640037798877962,5.413333333333334
1976-03-31,6323.649,8.898160921062015,3988.677,734.031,7.733333333333333,4.204169505048583,4.826666666666667
1976-06-30,6370.025,2.922791705026384,4025.375,763.083,7.566666666666666,4.009157776192929,5.196666666666666
1976-09-30,6404.895,2.183659019419082,4067.757,765.742,7.733333333333333,5.138964318028094,5.283333333333333
1976-12-31,6451.177,2.880021203429095,4120.536,771.471,7.766666666666667,7.106751762241004,4.873333333333334
1977-03-31,6527.703,4.717010209206052,4169.104,807.213,7.5,6.379171728481836,4.66
1977-06-30,6654.466,7.693235161446665,4191.711,865.083,7.133333333333333,5.606349924994092,5.156666666666666
1977-09-30,6774.457,7.148403098157274,4231.345,908.859,6.8999999999999995,4.83871679142851,5.82
1977-12-31,6774.592,0.007971039148202408,4294.965,886.06,6.666666666666667,8.554851683936882,6.513333333333333
1978-03-31,6796.26,1.2773269305647261,4319.094,903.329,6.333333333333333,5.767836660234771,6.756666666666667
1978-06-30,7058.92,15.167841769011403,4411.431,962.001,6.0,7.579457239830312,7.283333333333334
1978-09-30,7129.915,4.002899038963648,4429.955,990.029,6.033333333333334,6.736571572149153,8.1
1978-12-31,7225.75,5.340688777143043,4465.702,1012.924,5.8999999999999995,8.097991357440648,9.583333333333334
1979-03-31,7238.727,0.7177309477135907,4488.83,1014.607,5.866666666666667,7.2274056183259106,10.073333333333332
1979-06-30,7246.454,0.42675342381599535,4485.916,1013.693,5.7,9.680219954872982,10.18
1979-09-30,7300.281,2.960237918395592,4529.568,996.622,5.866666666666667,8.653172854255686,10.946666666666667
1979-12-31,7318.535,0.9989323068019473,4540.839,978.943,5.966666666666666,7.353786293353792,13.576666666666666
1980-03-31,7341.557,1.2563096561727605,4534.348,972.248,6.3,8.317236636836256,15.046666666666667
1980-06-30,7190.289,-8.327831932629692,4432.231,889.579,7.333333333333333,9.404120759715262,12.686666666666667
1980-09-30,7181.743,-0.47570175224933564,4480.849,830.866,7.666666666666667,8.836262167366371,9.836666666666666
1980-12-31,7315.677,7.390987394368409,4541.39,908.306,7.3999999999999995,10.285486772161967,15.853333333333333
1981-03-31,7459.022,7.761890672144034,4556.603,992.376,7.433333333333334,10.400247275223329,16.569999999999997
1981-06-30,7403.745,-2.975341260138009,4556.934,951.246,7.3999999999999995,7.848951599123843,17.78
1981-09-30,7492.405,4.761555002768603,4578.013,1004.861,7.3999999999999995,7.458991095572642,17.576666666666664
1981-12-31,7410.768,-4.382305248093132,4546.699,969.475,8.233333333333334,6.852884322763408,13.586666666666666
1982-03-31,7295.631,-6.263360730763168,4580.19,877.772,8.833333333333334,5.464970426007376,14.226666666666667
1982-06-30,7328.912,1.8205591765521945,4594.142,877.104,9.433333333333334,5.162618845410094,14.513333333333334
1982-09-30,7300.896,-1.53199737122236,4624.939,869.067,9.9,5.63506496431998,11.006666666666666
1982-12-31,7303.817,0.16000314632407253,4705.953,801.889,10.666666666666666,4.125438428158645,9.286666666666667
1983-03-31,7400.066,5.236732349996487,4752.481,829.672,10.366666666666667,3.011006048734366,8.653333333333334
1983-06-30,7568.456,9.000065817965464,4849.254,903.148,10.133333333333333,2.9546746674276037,8.803333333333335
1983-09-30,7719.746,7.916951322731336,4936.211,959.692,9.366666666666667,4.232487556755693,9.459999999999999
1983-12-31,7880.794,8.258879309601497,5014.874,1053.054,8.533333333333333,3.018567587600174,9.43
1984-03-31,8034.847,7.743718840227842,5056.492,1154.826,7.866666666666667,4.033508710233846,9.686666666666667
1984-06-30,8173.67,6.852022040238381,5127.332,1192.381,7.433333333333334,3.406575751724894,10.556666666666667
1984-09-30,8252.465,3.837572472394868,5165.357,1218.184,7.433333333333334,3.5394868986172057,11.39
1984-12-31,8320.199,3.2696916876567172,5232.266,1202.383,7.3,2.979319675853098,9.266666666666667
1985-03-31,8400.82,3.8572589264589396,5321.159,1169.416,7.233333333333333,3.935570340117245,8.476666666666667
1985-06-30,8474.787,3.50648002994447,5370.011,1189.334,7.3,2.5655325893147563,7.923333333333333
1985-09-30,8604.22,6.062904149531079,5472.014,1181.226,7.2,2.40798665475328,7.8999999999999995
1985-12-31,8668.188,2.962796731476658,5483.866,1224.763,7.033333333333334,2.229769203928811,8.103333333333333
1986-03-31,8749.127,3.7176606214451624,5531.807,1224.404,7.033333333333334,1.9845750048105515,7.826666666666667
1986-06-30,8788.524,1.7971422180302454,5592.08,1203.028,7.166666666666667,1.511000121108097,6.919999999999999
1986-09-30,8872.601,3.8084837814011507,5690.971,1170.667,6.966666666666666,1.6362782103634288,6.206666666666666
1986-12-31,8920.193,2.139837666846489,5725.812,1174.171,6.833333333333333,2.173897520321688,6.266666666666667
1987-03-31,8986.367,2.9564271974166445,5731.226,1205.858,6.599999999999999,2.5505517775748388,6.22
1987-06-30,9083.256,4.2896270082984245,5809.376,1206.486,6.266666666666667,2.761247452870208,6.6499999999999995
1987-09-30,9162.024,3.4537585332302,5875.641,1206.662,6.0,3.02001905280882,6.843333333333334
1987-12-31,9319.332,6.809534933022832,5888.065,1288.881,5.833333333333333,3.1760729588281578,6.916666666666667
1988-03-31,9367.502,2.0622051523012885,5992.101,1227.008,5.7,3.1215113416404705,6.663333333333334
1988-06-30,9490.594,5.2218950702098255,6036.355,1256.243,5.466666666666666,3.8734282190416636,7.156666666666666
1988-09-30,9546.206,2.3370380819102365,6090.001,1263.222,5.466666666666666,4.755295675418125,7.983333333333333
1988-12-31,9673.405,5.294627749614023,6159.246,1282.499,5.333333333333333,3.440169462278675,8.47
1989-03-31,9771.725,4.045057570484545,6187.816,1326.029,5.2,4.149104195814601,9.443333333333333
1989-06-30,9846.293,3.0408111201388976,6216.695,1313.202,5.233333333333333,4.239861214517759,9.726666666666667
1989-09-30,9919.228,2.952022606835669,6276.877,1301.412,5.233333333333333,2.9086460734951913,9.083333333333334
1989-12-31,9938.767,0.7871492083843634,6304.157,1291.758,5.366666666666667,2.839229920829922,8.613333333333333
1990-03-31,10047.386,4.3478129848367075,6357.213,1304.586,5.3,4.293274556782833,8.25
1990-06-30,10083.855,1.4492515347356516,6376.579,1304.993,5.333333333333333,4.457534113705108,8.243333333333332
1990-09-30,10090.569,0.26623809424677347,6401.841,1279.695,5.7,3.409839039023055,8.16
1990-12-31,9998.704,-3.658296259228422,6353.139,1208.107,6.133333333333333,2.9682752826222014,7.743333333333332
1991-03-31,9951.916,-1.8761556594029116,6329.249,1167.908,6.6000000000000005,3.8973613597853785,6.426666666666667
1991-06-30,10029.51,3.1066607576249794,6381.703,1167.904,6.833333333333333,2.9244940549681075,5.863333333333333
1991-09-30,10080.195,2.016344141362225,6413.521,1191.028,6.866666666666667,3.1177290259158497,5.6433333333333335
1991-12-31,10115.329,1.3917553392431614,6410.312,1233.261,7.1000000000000005,2.36443678980649,4.816666666666666
1992-03-31,10236.435,4.760567368570179,6530.335,1210.478,7.366666666666667,1.4827725453734786,4.023333333333333
1992-06-30,10347.429,4.31386743708444,6574.665,1278.935,7.6000000000000005,2.3994426219172027,3.7699999999999996
1992-09-30,10449.673,3.9330411994981773,6645.14,1289.101,7.633333333333333,1.9525306763476635,3.2566666666666664
1992-12-31,10558.648,4.149821489325944,6724.342,1328.433,7.366666666666667,2.7403884719394256,3.0366666666666666
1993-03-31,10576.275,0.6672181048244852,6750.123,1359.751,7.133333333333333,2.2379708658107234,3.0399999999999996
1993-06-30,10637.847,2.32193150936979,6811.522,1367.575,7.066666666666666,2.3755309370194766,3.0
1993-09-30,10688.606,1.9040801899045334,6887.329,1358.287,6.8,2.3677188001833827,3.06
1993-12-31,10833.987,5.4039292080304335,6947.788,1429.661,6.633333333333333,2.174642335922883,2.99
1994-03-31,10939.116,3.862740813035259,7027.255,1484.116,6.566666666666666,1.9108414746430213,3.2133333333333334
1994-06-30,11087.361,5.384328630134405,7081.931,1557.107,6.2,1.9262363733002275,3.94
1994-09-30,11152.176,2.3315299597626904,7135.93,1531.67,6.0,2.288353215601191,4.486666666666667
1994-12-31,11279.932,4.556232746715239,7213.079,1594.684,5.633333333333333,2.160363288299294,5.166666666666667
1995-03-31,11319.951,1.4166105843251842,7231.032,1611.428,5.466666666666666,2.166816570277774,5.81
1995-06-30,11353.721,1.1915149860357133,7294.424,1577.96,5.666666666666667,1.915588807750268,6.02
1995-09-30,11450.31,3.3885089042826166,7360.529,1568.555,5.666666666666667,1.9660757736112089,5.796666666666667
1995-12-31,11528.067,2.7071466987720783,7411.873,1607.513,5.566666666666666,1.9208648080613955,5.72
1996-03-31,11614.418,2.985034692400035,7480.231,1633.332,5.533333333333334,1.9175889355235398,5.363333333333333
1996-06-30,11808.14,6.616746723562983,7560.702,1711.813,5.5,1.6556827174273536,5.243333333333333
1996-09-30,11914.063,3.5721371730851104,7606.475,1789.565,5.266666666666667,1.3090803368857706,5.306666666666667
1996-12-31,12037.775,4.132062019747451,7667.062,1787.19,5.333333333333333,2.127633499685899,5.28
1997-03-31,12115.472,2.5734765352304123,7747.88,1823.255,5.233333333333333,2.3830352378489295,5.276666666666666
1997-06-30,12317.221,6.606020401069657,7782.76,1935.157,5.0,0.7931284122850712,5.523333333333333
1997-09-30,12471.01,4.963354527751562,7915.359,1962.053,4.866666666666667,1.7428215645651335,5.533333333333334
1997-12-31,12577.495,3.4009420197484985,8009.964,1990.86,4.666666666666667,1.3279785694024326,5.506666666666667
1998-03-31,12703.742,3.9949959545403146,8090.987,2078.205,4.633333333333333,0.5677868025308896,5.52
1998-06-30,12821.339,3.685718592768694,8233.463,2065.336,4.3999999999999995,0.9445239911389791,5.5
1998-09-30,12982.752,5.004326030774564,8340.831,2118.989,4.533333333333333,1.6888495569116202,5.533333333333334
1998-12-31,13191.67,6.385544996209802,8461.33,2183.382,4.433333333333334,1.1257363088862604,4.86
1999-03-31,13315.597,3.740194050978829,8548.235,2243.548,4.3,1.298049107382937,4.733333333333333
1999-06-30,13426.748,3.325112739828029,8679.143,2244.682,4.266666666666667,1.5081461900194881,4.746666666666667
1999-09-30,13604.771,5.268681314312573,8776.715,2306.47,4.233333333333333,1.412603737561824,5.093333333333334
1999-12-31,13827.98,6.509414268426639,8905.093,2367.988,4.066666666666666,2.2129682832158437,5.306666666666667
2000-03-31,13878.147,1.448547603220618,9039.743,2351.223,4.033333333333333,2.6506020452142565,5.676666666666667
2000-06-30,14130.908,7.219604137991809,9124.152,2490.501,3.9333333333333336,2.484256659058204,6.273333333333333
2000-09-30,14145.312,0.40752268148693815,9211.569,2466.375,4.0,2.331855033774133,6.52
2000-12-31,14229.765,2.381054313956099,9292.05,2471.534,3.9,2.1492931852829855,6.473333333333334
2001-03-31,14183.12,-1.3133489796572917,9325.751,2358.969,4.233333333333333,2.6366134917193307,5.593333333333334
2001-06-30,14271.694,2.4902439659086895,9344.486,2362.652,4.3999999999999995,2.3985810081818215,4.326666666666667
2001-09-30,14214.516,-1.605775616727101,9377.003,2311.409,4.833333333333333,1.5696413196735648,3.4966666666666666
2001-12-31,14253.574,1.0975945209430904,9528.302,2196.554,5.5,1.2534325623136056,2.1333333333333333
2002-03-31,14372.785,3.331522227558281,9549.516,2262.071,5.7,1.2548485451375768,1.7333333333333334
2002-06-30,14460.848,2.443348677388002,9597.82,2298.939,5.833333333333333,1.394397218243526,1.75
2002-09-30,14519.633,1.6227496189515023,9664.988,2295.983,5.733333333333333,1.913359374759338,1.74
2002-12-31,14537.58,0.494114897589526,9718.745,2293.746,5.866666666666667,2.3145070145019986,1.4433333333333334
2003-03-31,14614.141,2.1010403063399963,9766.616,2312.465,5.866666666666667,1.9508396584395626,1.25
2003-06-30,14743.567,3.52689218114719,9878.442,2327.492,6.133333333333333,1.4047837091418103,1.2466666666666668
2003-09-30,14988.782,6.598081034377401,10018.122,2411.638,6.133333333333333,2.282022316980914,1.0166666666666666
2003-12-31,15162.76,4.616146818960942,10087.092,2493.928,5.833333333333333,2.428822510820794,0.9966666666666667
2004-03-31,15248.68,2.260208095560756,10181.141,2498.14,5.7,2.844100487627088,1.0033333333333332
2004-06-30,15366.85,3.087859967576634,10236.694,2597.507,5.599999999999999,3.214955816811127,1.01
2004-09-30,15512.619,3.7764919540684616,10356.936,2638.672,5.433333333333334,2.529284801363829,1.4333333333333333
2004-12-31,15670.88,4.060156528453263,10474.084,2693.575,5.433333333333334,3.089245119725703,1.95
2005-03-31,15844.727,4.413020211694629,10540.638,2769.261,5.3,3.1847262310709112,2.47
2005-06-30,15922.782,1.965660123449453,10657.449,2733.225,5.1000000000000005,2.868885028911805,2.9433333333333334
2005-09-30,16047.587,3.1230326804525532,10745.873,2769.106,4.966666666666667,3.630679425430472,3.4599999999999995
2005-12-31,16136.734,2.215916948830454,10765.68,2857.35,4.966666666666667,3.273583502298294,3.98
2006-03-31,16353.835,5.345655379085201,10883.075,2899.229,4.733333333333333,2.823932997076639,4.456666666666667
2006-06-30,16396.151,1.0336742995598058,10939.498,2882.564,4.633333333333333,3.4770750202692824,4.906666666666667
2006-09-30,16420.738,0.5993744160321057,11009.748,2871.589,4.633333333333334,2.7846860313815114,5.246666666666667
2006-12-31,16561.866,3.423110226166415,11114.771,2818.228,4.433333333333334,1.427576882527859,5.246666666666667
2007-03-31,16611.69,1.2015362468524415,11183.323,2800.037,4.5,3.7852653534059755,5.256666666666667
2007-06-30,16713.314,2.439593165872367,11212.669,2827.01,4.5,2.7715296589740035,5.25
2007-09-30,16809.587,2.2974924437228594,11287.468,2794.526,4.666666666666667,2.180396920357097,5.073333333333333
2007-12-31,16915.191,2.5050862048779265,11331.949,2762.518,4.8,1.6171876781001515,4.496666666666667
2008-03-31,16843.003,-1.7107102360128579,11316.411,2686.998,5.0,1.4778454977605548,3.1766666666666663
2008-06-30,16943.291,2.3746503725263324,11347.595,2641.85,5.333333333333333,1.9331325863952031,2.0866666666666664
2008-09-30,16854.295,-2.1065695211134994,11260.136,2589.254,6.0,3.0022226018491693,1.9400000000000002
2008-12-31,16485.35,-8.853365095794175,11158.801,2338.938,6.866666666666667,0.9671665390339257,0.5066666666666667
2009-03-31,16298.262,-4.565452543960902,11130.464,2073.135,8.266666666666667,-0.31610559571468855,0.18333333333333335
2009-06-30,16269.145,-0.715242887051204,11075.748,1952.641,9.299999999999999,-0.6646359878637043,0.18000000000000002
2009-09-30,16326.281,1.402308618855841,11150.23,1946.867,9.633333333333333,0.4748526536062059,0.15666666666666665
2009-12-31,16502.754,4.300454151697863,11137.946,2128.516,9.933333333333334,1.2635247022128482,0.12
2010-03-31,16582.71,1.933324088271604,11202.495,2174.335,9.833333333333334,1.1472476751031024,0.13333333333333333
2010-06-30,16743.162,3.8517399290434184,11302.955,2288.469,9.633333333333333,1.9495072397976543,0.19333333333333336
2010-09-30,16872.266,3.072509082001318,11383.596,2390.072,9.466666666666667,1.2141917879347375,0.18666666666666668
2010-12-31,16960.864,2.094945457780284,11453.368,2383.297,9.5,2.3154719753801345,0.18666666666666668
2011-03-31,16920.632,-0.9499466944198787,11497.12,2338.901,9.033333333333333,2.0421062089766906,0.15666666666666668
2011-06-30,17035.114,2.697214987466623,11508.95,2434.538,9.066666666666666,2.636618866798912,0.09333333333333334
2011-09-30,17031.313,-0.0892609023139812,11543.975,2445.296,9.0,2.4017277207693866,0.08333333333333333
2011-12-31,17222.583,4.467158724585829,11563.89,2633.829,8.633333333333333,0.474271380095459,0.07333333333333335
2012-03-31,17367.01,3.340376727516059,11647.297,2692.179,8.266666666666667,2.341343197789314,0.10333333333333333
2012-06-30,17444.525,1.7813665065290252,11667.753,2752.614,8.2,1.6480458189811031,0.15333333333333335
2012-09-30,17469.65,0.5756975059448166,11691.414,2759.86,8.033333333333333,2.1897394803044534,0.14333333333333334
2012-12-31,17489.852,0.46229496630019185,11738.007,2736.423,7.8,1.9989150097362796,0.16
2013-03-31,17662.4,3.926903706206275,11814.326,2845.38,7.733333333333333,1.586029727117122,0.14333333333333334
2013-06-30,17709.671,1.0691153060548686,11848.089,2882.489,7.533333333333334,0.8605390164017734,0.11666666666666665
2013-09-30,17860.45,3.3911586209988798,11896.258,2998.991,7.233333333333333,1.9558082104801144,0.08333333333333333
2013-12-31,18016.147,3.47185609530527,12001.027,3027.805,6.933333333333334,2.1098026322892593,0.08666666666666667
2014-03-31,17953.974,-1.3827712598640574,12044.203,2998.148,6.666666666666667,1.5145352640704601,0.07333333333333335
2014-06-30,18185.911,5.1342760916597285,12159.899,3121.321,6.2,2.2569522395443187,0.09333333333333334
2014-09-30,18406.941,4.832259330312638,12280.086,3193.152,6.066666666666666,1.64097694095382,0.09000000000000001
2014-12-31,18500.031,2.0178344061733355,12421.595,3203.351,5.7,0.3968008261413303,0.09999999999999999
2015-03-31,18666.621,3.5858191507699644,12516.902,3314.895,5.533333333333334,-0.2190184515772131,0.11
2015-06-30,18782.243,2.469978633014591,12603.053,3328.049,5.433333333333334,2.291679375277056,0.12333333333333334
2015-09-30,18857.418,1.5977848462760846,12691.79,3335.27,5.1000000000000005,1.0589617694012787,0.1366666666666667
2015-12-31,18892.206,0.7372366908420247,12743.411,3315.334,5.033333333333333,-0.008198233280864997,0.16
2016-03-31,19001.69,2.311386607388499,12839.618,3301.09,4.8999999999999995,-0.3485803262478271,0.36000000000000004
2016-06-30,19062.709,1.2824382650691746,12903.306,3287.033,4.933333333333334,2.7109045521999775,0.37333333333333335
2016-09-30,19197.938,2.827543676441735,12993.064,3301.079,4.8999999999999995,1.0215248036772095,0.39666666666666667
2016-12-31,19304.352,2.2110741144842905,13060.061,3391.749,4.766666666666667,1.9300986276817866,0.45
2017-03-31,19398.343,1.9428349324144278,13160.475,3382.703,4.566666666666666,2.0335333999263128,0.7000000000000001
2017-06-30,19506.949,2.233244405191215,13225.743,3435.929,4.366666666666667,1.045016671555743,0.9500000000000001
2017-09-30,19660.766,3.141726102739284,13315.382,3493.166,4.333333333333333,2.04993141789771,1.1533333333333333
2017-12-31,19882.352,4.48297110775755,13460.902,3558.859,4.166666666666667,2.4524810578412826,1.2033333333333334
2018-03-31,20044.077,3.2404778196678308,13558.373,3612.936,4.033333333333333,2.5361489927774983,1.4466666666666665
2018-06-30,20150.476,2.11768492150739,13630.967,3612.389,3.9333333333333336,2.8179232751821104,1.7366666666666666
2018-09-30,20276.154,2.487041930090328,13693.79,3722.248,3.766666666666667,1.7233910193851898,1.9233333333333331
2018-12-31,20304.874,0.5661759932735322,13736.572,3724.752,3.8333333333333335,1.719880468310464,2.22
2019-03-31,20431.641,2.4895091629069555,13758.331,3755.53,3.8666666666666667,1.1979829354302751,2.4033333333333333
2019-06-30,20602.275,3.326711173158259,13875.705,3790.049,3.6333333333333333,2.0618801386401486,2.3966666666666665
2019-09-30,20843.322,4.6528410323638525,14033.222,3819.94,3.6,1.2689024070219546,2.19
2019-12-31,20985.448,2.7182543872214637,14125.274,3770.431,3.6,1.2419275170181265,1.6433333333333333
2020-03-31,20709.212,-5.300247883186415,13887.048,3676.274,3.8333333333333335,1.9699583596974435,1.26
2020-06-30,19077.992,-32.81728241610793,12685.319,3163.508,13.0,-1.5950718979812706,0.06
2020-09-30,20558.879,29.902998544979198,13813.706,3755.526,8.799999999999999,3.64631948451013,0.09333333333333334
2020-12-31,20791.917,4.508555862817332,14001.366,3878.929,6.766666666666667,2.4853480775163916,0.09000000000000001
2021-03-31,21082.134,5.544658613895592,14319.617,3849.329,6.233333333333333,5.06243515542657,0.08
2021-06-30,21440.929,6.750285416705282,14820.014,3799.029,5.933333333333334,6.179766063560166,0.07
2021-09-30,21617.828,3.2866716567674814,14943.244,3937.3,5.066666666666666,6.103771544977121,0.09000000000000001
2021-12-31,21988.737,6.804809235885756,15086.862,4191.773,4.166666666666667,6.82457289893712,0.08
2022-03-31,21932.71,-1.0204951651815009,15100.85,4272.382,3.8666666666666667,7.997704719684862,0.12
2022-06-30,21967.045,0.6256983803410776,15224.357,4176.99,3.6333333333333333,8.939879269590989,0.77
2022-09-30,22125.625,2.877225330117028,15295.828,4105.292,3.533333333333333,4.402833786207339,2.19
2022-12-31,22278.345,2.7514765401292607,15326.248,4184.98,3.5666666666666664,3.789405208778618,3.653333333333333
2023-03-31,22439.607,2.884974679699326,15495.754,4108.542,3.533333333333333,3.724162547780452,4.516666666666667
2023-06-30,22580.499,2.503636219206129,15553.719,4180.752,3.533333333333333,2.0788836636224772,4.989999999999999
2023-09-30,22840.989,4.5880109584366835,15671.906,4275.527,3.6333333333333333,3.2479327587964235,5.260000000000001
2023-12-31,23033.78,3.3620596105876643,15789.717,4313.169,3.8000000000000003,1.5946821814704748,5.33
2024-03-31,23082.119,0.8385657658578793,15857.704,4296.251,3.8333333333333335,3.1286103825703293,5.33
2024-06-30,23286.508,3.5263554170946065,16009.637,4381.983,3.9666666666666663,2.5422761611800127,5.33
2024-09-30,23478.57,3.2855812596196188,16165.768,4392.176,4.166666666666667,1.6869790574265409,5.263333333333333
2024-12-31,23586.542,1.8352819713321367,16320.89,4315.564,4.133333333333333,2.3922719296113115,4.6499999999999995
2025-03-31,23548.21,-0.6505944225686733,16345.793,4547.947,4.133333333333334,3.5492523055566494,4.33
2025-06-30,23770.976,3.766212643182598,16445.685,4382.819,4.2,2.098314203002616,4.33
2025-09-30,24026.834,4.282379361041677,16585.878,4383.186,4.333333333333333,3.669722026789657,4.293333333333333
2025-12-31,24111.83,1.4125209345351664,16682.486,4424.543,4.45,3.599608955193645,3.8966666666666665
